<?xml version="1.0" encoding="UTF-8"?>
<!DOCTYPE mapper PUBLIC "-//mybatis.org//DTD Mapper 3.0//EN"
"http://mybatis.org/dtd/mybatis-3-mapper.dtd">
<mapper namespace="BuyCartListDAO">
   <!-- mybatis 자료형 : int / hashmap / string -->
   <insert id="addCartList" parameterType="buycartlist">
		INSERT INTO BUYCARTLIST(BUYCARTLIST_ID, CUSTOMER_ID, BOOK_ID, BUYCARTLIST_CNT) 
		VALUES(BUYCARTLIST_ID_SEQ.NEXTVAL, #{customerId}, #{bookId}, #{buycartlistCnt})
   </insert>
   
   <select id="checkDuplicateCartList" parameterType="buycartlist" resultType="buycartlist">
   	select * from BUYCARTLIST where CUSTOMER_ID = #{customerId} AND BOOK_ID = #{bookId}
   </select>
   
   <update id="cartListChangeCnt" parameterType="buycartlist">
   	update BUYCARTLIST set
   	BUYCARTLIST_CNT = #{buycartlistCnt}
   	where BUYCARTLIST_ID = #{buycartlistId}
   </update>
   
   	<select id="getCartList" parameterType="buycartlist" resultType="buycartlist">
   	select c.BUYCARTLIST_ID AS BUYCARTLIST_ID, c.CUSTOMER_ID AS CUSTOMER_ID, c.BOOK_ID AS BOOK_ID, c.BUYCARTLIST_CNT AS BUYCARTLIST_CNT, 
   	b.BOOK_ID AS BOOK_ID, b.WRITER_ID As WRITER_ID, b.BOOK_PRICE AS BOOK_PRICE, b.BOOK_NAME AS BOOK_NAME, b.BOOK_GENRE AS BOOK_GENRE, 
   	b.BOOK_STORY AS BOOK_STORY, b.BOOK_PDATE AS BOOK_PDATE, b.BOOK_SALEPRICE AS BOOK_SALEPRICE, b.BOOK_CNT AS BOOK_CNT, 
   	b.BOOK_SCORE AS BOOK_SCORE, b.BOOK_SCORECOUNT AS BOOK_SCORECOUNT
   	from BUYCARTLIST c JOIN BOOK b
    ON c.BOOK_ID = b.BOOK_ID
   	where c.CUSTOMER_ID = #{customerId} 
   </select>
   
   <delete id="deleteCartList" parameterType="buycartlist">
   	delete from BUYCARTLIST where customer_id =  #{customerId} and book_id = #{bookId} 
   </delete>
   
   <update id="updateCartList" parameterType="buycartlist">
   	update BUYCARTLIST SET BUYCARTLIST_CNT = #{buycartlistCnt} where customer_id =  #{customerId} and book_id = #{bookId}
   </update>
   <delete id="clearCurrentCustomerCartList" parameterType="buycartlist">
   	delete from BUYCARTLIST where customer_id =  #{customerId}
   </delete>
</mapper>